Date,Comment,Price
2011-12-27,1,0.41
2012-05-24,2,0.36
2012-06-18,1,0.41
2012-06-19,1,0.42
2012-07-17,1,0.45
2012-08-25,1,0.45
2012-09-26,1,0.43
2012-10-03,1,0.43
2012-10-05,1,0.43
2012-10-09,1,0.43
2012-10-11,3,0.43
2012-10-13,1,0.44
2012-11-09,1,0.47
2012-11-11,1,0.47
2013-01-07,1,0.47
2013-01-10,1,0.45
2013-01-11,5,0.44
2013-01-14,1,0.44
2013-03-24,1,0.43
2013-04-08,1,0.5
2013-04-09,2,0.49
2013-04-18,15,0.54
2013-04-19,11,0.51
2013-04-22,12,0.51
2013-04-23,6,0.5
2013-04-24,3,0.5
2013-04-25,4,0.52
2013-04-27,2,0.51
2013-04-29,2,0.53
2013-05-08,1,0.54
2013-05-14,1,0.52
2013-05-15,1,0.51
2013-05-16,1,0.5
2013-05-17,2,0.51
2013-05-19,1,0.51
2013-05-20,2,0.5
2013-06-04,1,0.54
2013-06-10,1,0.54
2013-06-13,2,0.53
2013-07-26,1,0.5
2013-07-30,1,0.5
2013-07-31,1,0.49
2013-08-02,1,0.5
2013-08-12,3,0.52
2013-08-14,2,0.53
2013-08-15,1,0.53
2013-09-12,1,0.54
2013-09-19,1,0.52
2013-10-01,1,0.52
2013-10-04,2,0.51
2013-10-08,1,0.51
2013-10-10,2,0.51
2013-10-11,3,0.51
2013-10-12,1,0.51
2013-10-14,3,0.49
2013-10-15,2,0.49
2013-10-16,6,0.48
2013-10-17,5,0.49
2013-10-18,2,0.49
2013-10-19,2,0.49
2013-10-21,3,0.49
2013-10-23,2,0.48
2013-10-24,2,0.48
2013-10-26,1,0.48
2013-10-31,2,0.47
2013-11-01,3,0.49
2013-11-02,2,0.49
2013-11-07,1,0.48
2013-11-13,2,0.5
2013-11-14,1,0.49
2013-12-03,1,0.48
2013-12-11,1,0.48
2013-12-17,2,0.48
2013-12-18,1,0.47
2014-01-11,1,0.46
2014-01-26,1,0.45
2014-03-10,2,0.48
2014-03-12,6,0.47
2014-03-14,1,0.47
2014-03-18,2,0.45
2014-03-19,2,0.46
2014-03-20,12,0.44
2014-03-21,59,0.42
2014-03-22,4,0.42
2014-03-24,13,0.41
2014-03-25,4,0.41
2014-03-26,8,0.41
2014-03-27,4,0.41
2014-03-28,4,0.41
2014-03-29,4,0.41
2014-03-31,6,0.41
2014-04-01,2,0.41
2014-04-02,3,0.41
2014-04-03,4,0.41
2014-04-04,1,0.41
2014-04-05,1,0.41
2014-04-07,4,0.41
2014-04-08,1,0.4
2014-04-09,7,0.41
2014-04-10,9,0.41
2014-04-11,4,0.41
2014-04-13,1,0.41
2014-04-14,15,0.4
2014-04-15,5,0.4
2014-04-16,8,0.4
2014-04-17,1,0.39
2014-04-18,1,0.39
2014-04-19,3,0.39
2014-04-20,2,0.39
2014-04-22,5,0.39
2014-04-23,4,0.39
2014-04-24,11,0.39
2014-04-25,5,0.4
2014-04-27,1,0.4
2014-04-28,3,0.4
2014-04-29,1,0.4
2014-05-01,1,0.4
2014-05-02,1,0.4
2014-05-05,7,0.39
2014-05-06,2,0.39
2014-05-07,1,0.39
2014-05-08,1,0.39
2014-05-09,4,0.39
2014-05-10,2,0.39
2014-05-12,3,0.39
2014-05-13,1,0.39
2014-05-16,4,0.39
2014-05-17,4,0.39
2014-05-18,4,0.39
2014-05-19,1,0.39
2014-05-20,1,0.39
2014-05-21,5,0.39
2014-05-22,1,0.39
2014-05-27,2,0.39
2014-05-28,2,0.39
2014-05-29,1,0.39
2014-06-01,1,0.4
2014-06-02,1,0.4
2014-06-03,4,0.39
2014-06-04,6,0.4
2014-06-05,2,0.39
2014-06-06,1,0.39
2014-06-09,4,0.39
2014-06-11,2,0.39
2014-06-12,6,0.38
2014-06-13,8,0.38
2014-06-14,1,0.38
2014-06-15,1,0.38
2014-06-16,4,0.38
2014-06-17,30,0.38
2014-06-18,3,0.37
2014-06-19,4,0.38
2014-06-20,2,0.38
2014-06-23,2,0.37
2014-06-24,7,0.38
2014-06-25,7,0.38
2014-06-27,3,0.38
2014-06-28,2,0.38
2014-06-29,2,0.38
2014-07-01,2,0.38
2014-07-02,3,0.38
2014-07-03,1,0.38
2014-07-04,2,0.38
2014-07-05,1,0.38
2014-07-07,1,0.38
2014-07-09,2,0.39
2014-07-10,1,0.4
2014-07-13,1,0.39
2014-07-14,1,0.39
2014-07-16,2,0.39
2014-07-17,1,0.39
2014-07-18,1,0.39
2014-07-19,1,0.39
2014-07-20,1,0.39
2014-07-21,2,0.38
2014-07-25,1,0.39
2014-07-30,1,0.39
2014-07-31,4,0.38
2014-08-01,4,0.4
2014-08-02,4,0.4
2014-08-03,1,0.4
2014-08-04,8,0.41
2014-08-05,10,0.4
2014-08-06,2,0.4
2014-08-07,2,0.4
2014-08-08,4,0.39
2014-08-09,1,0.39
2014-08-10,1,0.39
2014-08-12,1,0.4
2014-08-14,2,0.4
2014-08-16,1,0.39
2014-08-19,4,0.4
2014-08-25,1,0.4
2014-08-28,1,0.4
2014-08-29,1,0.4
2014-09-01,3,0.4
2014-09-02,3,0.4
2014-09-05,1,0.4
2014-09-11,2,0.41
2014-09-12,1,0.42
2014-09-16,3,0.41
2014-09-20,1,0.41
2014-09-22,1,0.41
2014-09-23,1,0.41
2014-10-05,1,0.41
2014-10-06,1,0.41
2014-10-07,2,0.41
2014-10-14,1,0.4
2014-10-15,2,0.39
2014-10-16,4,0.38
2014-10-19,1,0.4
2014-10-20,4,0.42
2014-10-21,4,0.42
2014-10-25,1,0.41
2014-10-26,1,0.41
2014-10-27,1,0.42
2014-10-31,1,0.41
2014-11-04,1,0.41
2014-11-09,1,0.4
2014-11-10,1,0.4
2014-11-11,1,0.39
2014-11-12,1,0.39
2014-11-14,1,0.39
2014-11-24,2,0.38
2014-11-29,1,0.38
2014-12-03,1,0.4
2014-12-12,1,0.38
2014-12-15,2,0.37
2015-01-07,1,0.38
2015-01-18,1,0.4
2015-02-24,1,0.42
2015-02-25,1,0.42
2015-03-05,1,0.41
2015-03-12,1,0.43
2015-03-14,2,0.42
2015-03-18,2,0.43
2015-03-19,2,0.43
2015-03-23,2,0.45
2015-03-26,1,0.46
2015-03-27,2,0.46
2015-03-28,2,0.46
2015-04-01,2,0.46
2015-04-02,1,0.45
2015-04-03,2,0.45
2015-04-06,1,0.45
2015-04-07,1,0.45
2015-04-08,6,0.45
2015-04-30,1,0.47
2015-05-01,1,0.47
2015-05-09,1,0.46
2015-05-22,2,0.46
2015-05-23,1,0.46
2015-05-26,1,0.46
2015-05-30,1,0.45
2015-06-01,1,0.45
2015-06-02,2,0.44
2015-06-03,1,0.44
2015-06-04,1,0.46
2015-06-05,1,0.45
2015-06-10,1,0.48
2015-06-15,1,0.49
2015-06-17,4,0.49
2015-06-18,4,0.53
2015-06-19,15,0.55
2015-06-20,3,0.55
2015-06-22,3,0.55
2015-06-25,3,0.57
2015-06-27,1,0.56
2015-06-28,3,0.56
2015-07-07,4,0.58
2015-07-08,1,0.59
2015-07-09,3,0.61
2015-07-15,1,0.62
2015-07-20,1,0.64
2015-07-23,3,0.63
2015-07-26,1,0.64
2015-07-29,1,0.64
2015-07-31,3,0.63
2015-08-02,1,0.63
2015-08-03,3,0.64
2015-08-05,1,0.67
2015-08-07,1,0.64
2015-08-08,2,0.64
2015-08-10,3,0.62
2015-08-20,1,0.67
2015-08-21,2,0.7
2015-08-22,2,0.7
2015-08-23,2,0.7
2015-08-24,1,0.71
2015-08-25,2,0.66
2015-08-27,2,0.65
2015-08-28,1,0.64
2015-09-04,2,0.65
2015-09-06,2,0.65
2015-09-11,1,0.69
2015-09-14,3,0.66
2015-09-15,2,0.65
2015-09-18,2,0.64
2015-09-19,2,0.64
2015-09-20,1,0.64
2015-09-21,3,0.62
2015-09-22,1,0.64
2015-09-23,2,0.66
2015-09-26,1,0.67
2015-09-29,1,0.66
2015-10-02,1,0.66
2015-10-03,1,0.66
2015-10-05,1,0.66
2015-10-07,4,0.68
2015-10-08,7,0.66
2015-10-12,3,0.69
2015-10-13,9,0.67
2015-10-14,1,0.67
2015-10-15,43,0.7
2015-10-16,30,0.72
2015-10-17,4,0.72
2015-10-18,2,0.72
2015-10-19,14,0.73
2015-10-20,17,0.76
2015-10-21,62,0.79
2015-10-22,47,0.77
2015-10-23,39,0.77
2015-10-24,1,0.77
2015-10-25,5,0.77
2015-10-26,34,0.77
2015-10-27,48,0.77
2015-10-28,46,0.78
2015-10-29,34,0.79
2015-10-30,14,0.79
2015-10-31,1,0.79
2015-11-01,3,0.79
2015-11-02,24,0.79
2015-11-03,16,0.79
2015-11-04,14,0.79
2015-11-05,25,0.79
2015-11-06,14,0.78
2015-11-08,2,0.78
2015-11-09,20,0.81
2015-11-10,5,0.81
2015-11-11,20,0.83
2015-11-12,16,0.83
2015-11-13,5,0.83
2015-11-14,4,0.83
2015-11-16,36,0.81
2015-11-17,14,0.84
2015-11-18,13,0.83
2015-11-19,7,0.82
2015-11-20,5,0.83
2015-11-23,2,0.82
2015-11-24,14,0.8
2015-11-25,36,0.77
2015-11-26,19,0.79
2015-11-27,20,0.81
2015-11-28,5,0.81
2015-11-29,4,0.81
2015-11-30,2,0.81
2015-12-01,10,0.81
2015-12-02,20,0.83
2015-12-03,2,0.84
2015-12-04,21,0.86
2015-12-06,2,0.86
2015-12-07,61,0.91
2015-12-08,36,0.91
2015-12-09,57,0.88
2015-12-10,174,0.94
2015-12-11,52,0.94
2015-12-13,3,0.94
2015-12-14,65,0.91
2015-12-15,208,0.99
2015-12-16,121,1.02
2015-12-17,291,1.13
2015-12-18,266,1.08
2015-12-19,9,1.08
2015-12-20,5,1.08
2015-12-21,127,1.12
2015-12-22,105,1.15
2015-12-23,81,1.13
2015-12-24,17,1.13
2015-12-25,8,1.13
2015-12-26,19,1.13
2015-12-27,27,1.13
2015-12-28,118,1.12
2015-12-29,70,1.14
2015-12-30,76,1.13
2015-12-31,88,1.13
2016-01-01,1,1.13
2016-01-02,4,1.13
2016-01-03,3,1.13
2016-01-04,86,1.11
2016-01-05,172,1.14
2016-01-06,226,1.15
2016-01-07,90,1.15
2016-01-08,122,1.14
2016-01-09,28,1.14
2016-01-10,6,1.14
2016-01-11,38,1.14
2016-01-12,63,1.16
2016-01-13,39,1.16
2016-01-14,55,1.13
2016-01-15,40,1.14
2016-01-16,4,1.14
2016-01-17,9,1.14
2016-01-18,74,1.16
2016-01-19,53,1.16
2016-01-20,155,1.14
2016-01-21,196,1.12
2016-01-22,66,1.12
2016-01-23,17,1.12
2016-01-24,8,1.12
2016-01-25,7,1.12
2016-01-26,144,1.07
2016-01-27,197,1.02
2016-01-28,243,0.93
2016-01-29,311,0.9
2016-01-30,16,0.9
2016-01-31,25,0.9
2016-02-01,20,0.9
2016-02-02,221,0.96
2016-02-03,100,0.97
2016-02-04,131,0.94
2016-02-05,128,0.91
2016-02-06,5,0.91
2016-02-07,18,0.91
2016-02-08,11,0.91
2016-02-09,6,0.91
2016-02-10,38,0.94
2016-02-11,34,0.94
2016-02-12,19,0.93
2016-02-13,13,0.93
2016-02-15,27,0.92
2016-02-16,80,0.93
2016-02-17,61,0.94
2016-02-18,60,0.92
2016-02-19,56,0.93
2016-02-20,5,0.93
2016-02-21,7,0.93
2016-02-22,51,0.97
2016-02-23,44,0.95
2016-02-24,126,0.97
2016-02-25,65,0.96
2016-02-26,61,0.92
2016-02-27,10,0.92
2016-02-28,3,0.92
2016-02-29,47,0.94
2016-03-01,20,0.93
2016-03-02,13,0.93
2016-03-03,23,0.92
2016-03-04,97,0.9
2016-03-05,22,0.9
2016-03-06,6,0.9
2016-03-07,200,0.83
2016-03-08,237,0.82
2016-03-09,129,0.86
2016-03-10,100,0.9
2016-03-11,69,0.91
2016-03-12,17,0.91
2016-03-13,13,0.91
2016-03-14,42,0.89
2016-03-15,124,0.89
2016-03-16,263,0.87
2016-03-17,74,0.88
2016-03-18,36,0.88
2016-03-19,7,0.88
2016-03-20,1,0.88
2016-03-21,26,0.87
2016-03-22,43,0.84
2016-03-23,66,0.82
2016-03-24,41,0.83
2016-03-25,16,0.83
2016-03-26,3,0.83
2016-03-27,5,0.83
2016-03-28,24,0.81
2016-03-29,5,0.83
2016-03-30,43,0.84
2016-03-31,11,0.84
2016-04-01,19,0.83
2016-04-02,7,0.83
2016-04-03,7,0.83
2016-04-04,12,0.84
2016-04-05,55,0.87
2016-04-06,23,0.88
2016-04-07,21,0.88
2016-04-08,10,0.89
2016-04-09,9,0.89
2016-04-10,5,0.89
2016-04-11,8,0.89
2016-04-12,25,0.86
2016-04-13,38,0.85
2016-04-14,20,0.87
2016-04-15,10,0.88
2016-04-16,6,0.88
2016-04-18,14,0.88
2016-04-19,12,0.88
2016-04-20,15,0.85
2016-04-21,18,0.84
2016-04-22,7,0.85
2016-04-23,2,0.85
2016-04-25,3,0.85
2016-04-26,6,0.84
2016-04-27,2,0.85
2016-04-28,5,0.84
2016-04-29,11,0.83
2016-05-03,4,0.83
2016-05-04,6,0.82
2016-05-05,2,0.83
2016-05-06,2,0.83
2016-05-08,2,0.83
2016-05-09,5,0.84
2016-05-10,8,0.86
2016-05-11,8,0.87
2016-05-12,7,0.85
2016-05-13,2,0.84
2016-05-15,1,0.84
2016-05-16,3,0.83
2016-05-17,2,0.84
2016-05-18,8,0.83
2016-05-19,8,0.85
2016-05-20,3,0.86
2016-05-23,2,0.88
2016-05-24,4,0.88
2016-05-25,4,0.86
2016-05-26,4,0.84
2016-05-27,8,0.84
2016-05-28,3,0.84
2016-05-30,3,0.85
2016-05-31,7,0.84
2016-06-01,15,0.85
2016-06-02,4,0.86
2016-06-03,7,0.87
2016-06-04,5,0.87
2016-06-06,6,0.85
2016-06-07,12,0.86
2016-06-08,2,0.86
2016-06-09,3,0.85
2016-06-10,25,0.83
2016-06-11,7,0.83
2016-06-12,6,0.83
2016-06-13,27,0.83
2016-06-14,10,0.84
2016-06-15,28,0.82
2016-06-16,99,0.78
2016-06-17,72,0.79
2016-06-18,8,0.79
2016-06-19,4,0.79
2016-06-20,16,0.77
2016-06-21,35,0.77
2016-06-22,7,0.77
2016-06-23,17,0.78
2016-06-24,24,0.77
2016-06-26,7,0.77
2016-06-27,42,0.8
2016-06-28,17,0.78
2016-06-29,18,0.77
2016-06-30,10,0.77
2016-07-01,11,0.76
2016-07-02,3,0.76
2016-07-03,1,0.76
2016-07-04,6,0.78
2016-07-05,2,0.77
2016-07-06,2,0.77
2016-07-08,5,0.75
2016-07-09,2,0.75
2016-07-10,1,0.75
2016-07-11,19,0.75
2016-07-12,9,0.75
2016-07-13,38,0.75
2016-07-14,14,0.75
2016-07-15,5,0.75
2016-07-16,3,0.75
2016-07-17,4,0.75
2016-07-18,25,0.73
2016-07-19,25,0.74
2016-07-20,21,0.73
2016-07-21,24,0.73
2016-07-22,22,0.73
2016-07-23,1,0.73
2016-07-24,1,0.73
2016-07-25,11,0.72
2016-07-26,26,0.72
2016-07-27,42,0.72
2016-07-28,14,0.73
2016-07-29,16,0.71
2016-07-30,6,0.71
2016-07-31,3,0.71
2016-08-01,16,0.72
2016-08-02,1,0.72
2016-08-03,13,0.73
2016-08-04,8,0.72
2016-08-05,37,0.75
2016-08-06,5,0.75
2016-08-07,1,0.75
2016-08-08,14,0.76
2016-08-09,8,0.75
2016-08-10,3,0.75
2016-08-11,40,0.76
2016-08-12,16,0.76
2016-08-13,3,0.76
2016-08-15,5,0.75
2016-08-16,11,0.75
2016-08-17,17,0.73
2016-08-18,5,0.73
2016-08-19,6,0.73
2016-08-20,1,0.73
2016-08-22,5,0.73
2016-08-23,11,0.72
2016-08-24,61,0.71
2016-08-25,23,0.7
2016-08-26,19,0.71
2016-08-28,2,0.71
2016-08-29,12,0.7
2016-08-30,3,0.71
2016-08-31,2,0.71
2016-09-01,33,0.73
2016-09-02,100,0.77
2016-09-03,14,0.77
2016-09-04,7,0.77
2016-09-05,28,0.79
2016-09-06,68,0.8
2016-09-07,26,0.8
2016-09-08,18,0.8
2016-09-09,24,0.78
2016-09-10,4,0.78
2016-09-11,9,0.78
2016-09-12,8,0.78
2016-09-13,12,0.77
2016-09-14,20,0.77
2016-09-15,8,0.78
2016-09-18,1,0.78
2016-09-19,2,0.78
2016-09-20,1,0.78
2016-09-21,10,0.79
2016-09-22,21,0.8
2016-09-23,16,0.8
2016-09-24,5,0.8
2016-09-26,18,0.8
2016-09-27,77,0.83
2016-09-28,32,0.84
2016-09-29,31,0.84
2016-09-30,30,0.85
2016-10-01,7,0.85
2016-10-02,2,0.85
2016-10-03,3,0.85
2016-10-04,3,0.85
2016-10-05,14,0.85
2016-10-06,97,0.82
2016-10-07,49,0.81
2016-10-08,3,0.81
2016-10-10,11,0.8
2016-10-11,22,0.82
2016-10-12,65,0.83
2016-10-13,19,0.83
2016-10-14,5,0.83
2016-10-16,2,0.83
2016-10-17,1,0.82
2016-10-18,5,0.83
2016-10-19,14,0.83
2016-10-20,1,0.83
2016-10-21,1,0.83
2016-10-24,2,0.83
2016-10-25,14,0.82
2016-10-26,19,0.8
2016-10-27,16,0.82
2016-10-28,2,0.8
2016-10-30,1,0.8
2016-10-31,6,0.82
2016-11-01,2,0.82
2016-11-02,3,0.8
2016-11-03,5,0.81
2016-11-07,4,0.8
2016-11-08,1,0.81
2016-11-09,4,0.81
2016-11-10,15,0.83
2016-11-11,57,0.87
2016-11-12,12,0.87
2016-11-13,8,0.87
2016-11-14,17,0.85
2016-11-15,8,0.85
2016-11-16,5,0.85
2016-11-17,6,0.85
2016-11-18,20,0.88
2016-11-19,5,0.88
2016-11-20,3,0.88
2016-11-21,15,0.88
2016-11-22,15,0.87
2016-11-23,22,0.88
2016-11-24,5,0.87
2016-11-25,19,0.86
2016-11-26,1,0.86
2016-11-28,11,0.85
2016-11-29,5,0.84
2016-11-30,21,0.88
2016-12-01,13,0.85
2016-12-02,4,0.85
2016-12-04,1,0.85
2016-12-05,15,0.84
2016-12-06,44,0.81
2016-12-07,5,0.82
2016-12-08,10,0.83
2016-12-09,2,0.82
2016-12-13,2,0.82
2016-12-14,5,0.83
2016-12-15,25,0.84
2016-12-16,50,0.85
2016-12-17,9,0.85
2016-12-19,11,0.86
2016-12-20,14,0.87
2016-12-21,11,0.88
2016-12-22,7,0.88
2016-12-23,8,0.86
2016-12-27,2,0.86
2016-12-28,3,0.87
2016-12-29,3,0.88
2016-12-30,7,0.89
2017-01-03,3,0.88
2017-01-04,12,0.9
2017-01-05,16,0.9
2017-01-06,10,0.89
2017-01-07,1,0.89
2017-01-09,4,0.88
2017-01-11,1,0.89
2017-01-12,2,0.88
2017-01-13,6,0.88
2017-01-16,6,0.86
2017-01-17,3,0.87
2017-01-18,4,0.86
2017-01-19,3,0.86
2017-01-20,1,0.86
2017-01-22,2,0.86
2017-01-23,4,0.87
2017-01-24,2,0.87
2017-01-25,13,0.87
2017-01-27,2,0.87
2017-01-31,1,0.87
2017-02-01,2,0.87
2017-02-02,2,0.86
2017-02-03,3,0.85
2017-02-04,2,0.85
2017-02-06,6,0.84
2017-02-07,2,0.86
2017-02-08,3,0.86
2017-02-12,1,0.86
2017-02-15,14,0.86
2017-02-16,2,0.86
2017-02-20,1,0.86
2017-02-21,2,0.87
2017-02-23,7,0.85
2017-02-24,1,0.85
2017-02-27,1,0.84
2017-02-28,1,0.84
2017-03-01,1,0.85
2017-03-03,1,0.86
2017-03-04,1,0.86
2017-03-07,2,0.85
2017-03-09,1,0.86
2017-03-10,2,0.86
2017-03-14,3,0.87
2017-03-15,1,0.87
2017-03-16,7,0.87
2017-03-17,2,0.87
2017-03-20,1,0.86
2017-03-22,1,0.84
2017-03-23,1,0.84
2017-03-24,2,0.84
2017-03-28,5,0.83
2017-03-29,8,0.83
2017-03-30,5,0.82
2017-03-31,5,0.82
2017-04-02,1,0.82
2017-04-03,1,0.83
2017-04-04,1,0.83
2017-04-06,1,0.82
2017-04-07,2,0.82
2017-04-10,2,0.82
2017-04-12,2,0.82
2017-04-13,1,0.82
2017-04-17,1,0.8
2017-04-18,2,0.8
2017-04-19,1,0.8
2017-04-20,2,0.8
2017-04-21,4,0.8
2017-04-25,3,0.8
2017-04-26,2,0.78
2017-04-27,12,0.76
2017-04-28,8,0.76
2017-04-29,4,0.76
2017-04-30,5,0.76
2017-05-01,3,0.76
2017-05-05,7,0.8
2017-05-07,1,0.8
2017-05-08,11,0.81
2017-05-09,18,0.84
2017-05-11,18,0.86
2017-05-12,9,0.86
2017-05-15,3,0.87
2017-05-16,3,0.87
2017-05-17,2,0.87
2017-05-18,4,0.87
2017-05-19,4,0.9
2017-05-20,1,0.9
2017-05-21,4,0.9
2017-05-22,12,0.92
2017-05-23,5,0.92
2017-05-24,2,0.93
2017-05-25,10,0.92
2017-05-26,7,0.9
2017-05-27,1,0.9
2017-05-28,1,0.9
2017-05-29,1,0.89
2017-05-30,1,0.89
2017-05-31,2,0.88
2017-06-01,7,0.89
2017-06-02,4,0.91
2017-06-04,2,0.91
2017-06-05,12,0.92
2017-06-06,8,0.92
2017-06-07,8,0.92
2017-06-08,24,0.96
2017-06-09,12,0.97
2017-06-10,2,0.97
2017-06-13,3,0.97
2017-06-14,7,0.97
2017-06-15,19,0.97
2017-06-16,42,0.93
2017-06-17,4,0.93
2017-06-18,3,0.93
2017-06-19,9,0.91
2017-06-20,10,0.92
2017-06-21,15,0.93
2017-06-22,4,0.94
2017-06-23,2,0.94
2017-06-24,1,0.94
2017-06-25,3,0.94
2017-06-28,1,0.96
2017-06-29,1,0.96
2017-06-30,5,0.96
2017-07-01,3,0.96
2017-07-03,2,0.95
2017-07-04,3,0.96
2017-07-05,2,0.96
2017-07-08,5,0.94
2017-07-12,3,0.94
2017-07-13,1,0.94
2017-07-17,1,0.94
2017-07-31,1,0.96
2017-08-05,2,0.96
2017-08-06,6,0.96
2017-08-07,2,0.94
2017-08-09,1,0.95
2017-08-14,2,0.94
2017-08-16,2,0.95
2017-08-17,2,0.95
2017-08-18,5,0.95
2017-08-20,1,0.95
2017-08-21,4,0.93
2017-08-26,1,0.94
2017-08-27,1,0.94
2017-08-30,2,0.93
2017-08-31,1,0.93
2017-09-02,1,0.93
2017-09-03,1,0.93
2017-09-04,2,0.93
2017-09-11,2,0.9
2017-09-13,2,0.89
2017-09-21,2,0.92
2017-09-23,1,0.92
2017-09-25,1,0.9
2017-09-26,1,0.91
2017-09-27,1,0.92
2017-09-30,1,0.92
2017-10-01,3,0.92
2017-10-02,1,0.93
2017-10-04,2,0.94
2017-10-05,1,0.94
2017-10-06,2,0.94
2017-10-11,2,0.94
2017-10-12,15,0.99
2017-10-13,12,1.0
2017-10-14,6,1.0
2017-10-15,5,1.0
2017-10-16,40,1.06
2017-10-17,41,1.05
2017-10-18,11,1.05
2017-10-19,13,1.07
2017-10-20,20,1.1
2017-10-21,12,1.1
2017-10-22,2,1.1
2017-10-23,13,1.11
2017-10-24,37,1.06
2017-10-25,39,1.07
2017-10-26,11,1.07
2017-10-27,16,1.07
2017-10-28,3,1.07
2017-10-29,4,1.07
2017-10-30,1,1.07
2017-10-31,3,1.07
2017-11-01,4,1.07
2017-11-02,2,1.07
2017-11-03,5,1.06
2017-11-06,6,1.1
2017-11-07,2,1.1
2017-11-08,3,1.11
2017-11-09,6,1.12
2017-11-10,12,1.15
2017-11-11,1,1.15
2017-11-12,1,1.15
2017-11-13,7,1.16
2017-11-14,2,1.14
2017-11-15,2,1.13
2017-11-16,3,1.13
2017-11-17,12,1.12
2017-11-19,2,1.12
2017-11-20,3,1.13
2017-11-21,11,1.08
2017-11-22,4,1.11
2017-11-23,2,1.12
2017-11-24,23,1.12
2017-11-25,3,1.12
2017-11-27,4,1.14
2017-11-28,4,1.14
2017-11-29,2,1.13
2017-11-30,4,1.12
2017-12-01,4,1.12
2017-12-02,2,1.12
2017-12-03,2,1.12
2017-12-04,1,1.12
2017-12-05,2,1.09
2017-12-06,2,1.08
2017-12-07,7,1.07
2017-12-09,1,1.07
2017-12-10,1,1.07
2017-12-11,1,1.09
2017-12-12,3,1.09
2017-12-13,1,1.11
2017-12-14,9,1.14
2017-12-15,6,1.15
2017-12-16,1,1.15
2017-12-18,7,1.16
2017-12-19,41,1.25
2017-12-20,74,1.34
2017-12-21,30,1.33
2017-12-22,16,1.32
2017-12-23,1,1.32
2017-12-24,2,1.32
2017-12-27,1,1.3
2017-12-28,6,1.31
2017-12-30,1,1.33
2018-01-02,2,1.33
2018-01-04,32,1.45
2018-01-05,10,1.48
2018-01-06,2,1.48
2018-01-07,3,1.48
2018-01-08,9,1.53
2018-01-09,12,1.5
2018-01-10,12,1.5
2018-01-11,4,1.45
2018-01-12,18,1.5
2018-01-13,5,1.5
2018-01-14,5,1.5
2018-01-15,3,1.48
2018-01-16,6,1.46
2018-01-17,5,1.5
2018-01-18,2,1.52
2018-01-19,9,1.5
2018-01-20,2,1.5
2018-01-21,3,1.5
2018-01-22,6,1.52
2018-01-23,33,1.63
2018-01-24,12,1.63
2018-01-25,16,1.57
2018-01-26,1,1.58
2018-01-27,6,1.58
2018-01-28,3,1.58
2018-01-29,10,1.61
2018-01-30,5,1.54
2018-01-31,7,1.54
2018-02-01,5,1.54
2018-02-02,6,1.56
2018-02-05,4,1.52
2018-02-06,8,1.45
2018-02-07,8,1.5
2018-02-08,5,1.52
2018-02-09,2,1.55
2018-02-10,2,1.55
2018-02-11,1,1.55
2018-02-12,1,1.53
2018-02-13,2,1.54
2018-02-14,5,1.58
2018-02-15,3,1.59
2018-02-16,1,1.59
2018-02-17,1,1.59
2018-02-18,2,1.59
2018-02-19,2,1.6
2018-02-20,4,1.6
2018-02-21,7,1.65
2018-02-22,12,1.63
2018-02-23,7,1.65
2018-02-25,6,1.65
2018-02-26,22,1.67
2018-02-27,8,1.68
2018-02-28,13,1.62
2018-03-01,9,1.66
2018-03-02,3,1.64
2018-03-03,1,1.64
2018-03-04,3,1.64
2018-03-05,7,1.64
2018-03-06,5,1.62
2018-03-07,10,1.56
2018-03-08,30,1.55
2018-03-09,15,1.56
2018-03-10,1,1.56
2018-03-12,6,1.61
2018-03-13,29,1.65
2018-03-14,20,1.64
2018-03-15,43,1.64
2018-03-16,10,1.63
2018-03-17,5,1.63
2018-03-18,2,1.63
2018-03-19,4,1.62
2018-03-20,12,1.62
2018-03-21,1,1.62
2018-03-23,3,1.59
2018-03-24,2,1.59
2018-03-26,3,1.62
2018-03-27,1,1.65
2018-03-29,1,1.62
2018-03-30,1,1.61
2018-04-02,2,1.67
2018-04-03,9,1.67
2018-04-04,19,1.58
2018-04-05,11,1.65
2018-04-06,1,1.66
2018-04-08,1,1.66
2018-04-09,4,1.64
2018-04-10,1,1.66
2018-04-11,11,1.69
2018-04-12,1,1.68
2018-04-15,4,1.69
2018-04-16,2,1.69
2018-04-18,4,1.68
2018-04-19,6,1.7
2018-04-20,13,1.67
2018-04-21,3,1.67
2018-04-22,4,1.67
2018-04-23,8,1.67
2018-04-24,10,1.57
2018-04-25,33,1.5
2018-04-26,29,1.57
2018-04-27,8,1.56
2018-04-28,4,1.56
2018-05-01,1,1.58
2018-05-02,1,1.58
2018-05-03,2,1.6
2018-05-04,2,1.65
2018-05-05,1,1.65
2018-05-08,1,1.64
2018-05-10,5,1.64
2018-05-14,2,1.69
2018-05-15,2,1.69
2018-05-17,1,1.68
2018-05-18,2,1.71
2018-05-19,1,1.71
2018-05-20,1,1.71
2018-05-21,3,1.71
2018-05-22,2,1.71
2018-05-25,1,1.72
2018-05-26,3,1.72
2018-05-27,2,1.72
2018-05-28,2,1.7
2018-05-29,2,1.7
2018-05-30,2,1.71
2018-05-31,3,1.71
2018-06-01,4,1.74
2018-06-03,1,1.74
2018-06-05,1,1.78
2018-06-06,1,1.78
2018-06-07,4,1.8
2018-06-11,14,1.98
2018-06-12,6,1.86
2018-06-13,6,1.88
2018-06-14,4,1.87
2018-06-15,3,1.87
2018-06-17,6,1.87
2018-06-18,5,1.9
2018-06-19,8,1.89
2018-06-20,2,1.89
2018-06-21,2,1.89
2018-06-22,8,1.93
2018-06-23,12,1.93
2018-06-24,7,1.93
2018-06-25,42,1.88
2018-06-26,21,1.89
2018-06-27,7,1.92
2018-06-28,7,1.94
2018-06-29,9,2.02
2018-07-02,8,2.01
2018-07-03,25,2.03
2018-07-04,10,2.03
2018-07-05,22,2.05
2018-07-06,15,2.02
2018-07-07,68,2.02
2018-07-08,17,2.02
2018-07-09,314,1.52
2018-07-10,278,1.65
2018-07-11,134,1.65
2018-07-12,85,1.65
2018-07-13,30,1.65
2018-07-14,5,1.65
2018-07-15,17,1.65
2018-07-16,55,1.72
2018-07-17,27,1.73
2018-07-18,68,1.78
2018-07-19,122,1.73
2018-07-20,47,1.72
2018-07-21,15,1.72
2018-07-22,11,1.72
2018-07-23,29,1.73
2018-07-24,90,1.73
2018-07-25,28,1.73
2018-07-26,26,1.71
2018-07-27,34,1.68
2018-07-28,1,1.68
2018-07-29,8,1.68
2018-07-30,67,1.68
2018-07-31,55,1.69
2018-08-01,14,1.7
2018-08-02,15,1.69
2018-08-03,20,1.67
2018-08-04,4,1.67
2018-08-05,5,1.67
2018-08-06,17,1.69
2018-08-07,9,1.68
2018-08-08,36,1.71
2018-08-09,23,1.73
2018-08-10,55,1.75
2018-08-11,4,1.75
2018-08-12,8,1.75
2018-08-13,28,1.73
2018-08-14,13,1.73
2018-08-15,18,1.75
2018-08-16,16,1.74
2018-08-17,1,1.73
2018-08-18,10,1.73
2018-08-20,43,1.74
2018-08-21,12,1.76
2018-08-23,51,1.8
2018-08-24,22,1.8
2018-08-25,2,1.8
2018-08-27,16,1.83
2018-08-28,13,1.85
2018-08-29,6,1.86
2018-08-30,10,1.86
2018-08-31,2,1.86
2018-09-02,5,1.86
2018-09-03,6,1.85
2018-09-04,10,1.84
2018-09-05,5,1.83
2018-09-06,7,1.83
2018-09-07,2,1.81
2018-09-08,3,1.81
2018-09-09,3,1.81
2018-09-10,1,1.81
2018-09-11,5,1.81
2018-09-12,13,1.75
2018-09-13,1,1.75
2018-09-17,1,1.75
2018-09-18,4,1.75
2018-09-19,8,1.78
2018-09-20,1,1.79
2018-09-21,6,1.78
2018-09-22,2,1.78
2018-09-26,2,1.76
2018-10-03,1,1.78
2018-10-05,3,1.75
2018-10-06,1,1.75
2018-10-07,4,1.75
2018-10-08,2,1.75
2018-10-09,3,1.75
2018-10-10,7,1.75
2018-10-11,23,1.78
2018-10-12,11,1.8
2018-10-14,3,1.8
2018-10-15,20,1.87
2018-10-16,3,1.93
2018-10-17,10,1.92
2018-10-18,2,1.92
2018-10-19,4,1.93
2018-10-20,1,1.93
2018-10-21,1,1.93
2018-10-22,9,1.92
2018-10-23,11,1.92
2018-10-24,10,1.89
2018-10-25,17,1.85
2018-10-26,4,1.89
2018-10-27,5,1.89
2018-10-28,4,1.89
2018-10-29,3,1.88
2018-10-30,3,1.87
2018-10-31,11,1.98
2018-11-01,11,1.93
2018-11-02,6,1.93
2018-11-03,2,1.93
2018-11-04,2,1.93
2018-11-05,4,1.93
2018-11-06,1,1.93
2018-11-07,6,1.93
2018-11-08,5,1.93
2018-11-09,2,1.93
2018-11-12,2,1.92
2018-11-13,7,1.91
2018-11-14,15,1.9
2018-11-15,8,1.9
2018-11-16,1,1.95
2018-11-17,3,1.95
2018-11-18,4,1.95
2018-11-19,7,1.93
2018-11-20,2,1.93
2018-11-23,3,1.95
2018-11-27,2,1.99
2018-11-28,7,2.04
2018-11-29,10,2.04
2018-11-30,4,1.99
2018-12-01,1,1.99
2018-12-02,5,1.99
2018-12-03,6,2.04
2018-12-04,21,1.97
2018-12-05,18,1.98
2018-12-06,4,1.97
2018-12-08,2,1.97
2018-12-09,4,1.97
2018-12-10,174,1.85
2018-12-11,37,1.85
2018-12-12,21,1.9
2018-12-13,19,1.9
2018-12-14,8,1.92
2018-12-15,1,1.92
2018-12-17,15,1.91
2018-12-18,42,1.82
2018-12-19,15,1.79
2018-12-20,8,1.79
2018-12-21,17,1.82
2018-12-22,5,1.82
2018-12-23,2,1.82
2018-12-24,3,1.9
2018-12-25,4,1.9
2018-12-26,11,1.88
2018-12-27,5,1.92
2018-12-28,3,1.89
2018-12-29,1,1.89
2018-12-30,1,1.89
2018-12-31,7,1.87
2019-01-01,1,1.87
2019-01-02,3,1.86
2019-01-03,3,1.85
2019-01-05,1,1.85
2019-01-07,35,1.77
2019-01-08,93,1.68
2019-01-09,96,1.6
2019-01-10,105,1.57
2019-01-11,51,1.6
2019-01-13,3,1.6
2019-01-14,17,1.55
2019-01-15,18,1.57
2019-01-16,11,1.57
2019-01-17,46,1.58
2019-01-18,25,1.62
2019-01-19,4,1.62
2019-01-20,1,1.62
2019-01-21,1,1.62
2019-01-22,12,1.63
2019-01-23,5,1.62
2019-01-24,6,1.64
2019-01-25,24,1.66
2019-01-26,12,1.66
2019-01-27,4,1.66
2019-01-28,8,1.63
2019-01-29,9,1.64
2019-01-30,3,1.61
2019-01-31,11,1.61
2019-02-01,6,1.61
2019-02-02,2,1.61
2019-02-04,4,1.62
2019-02-06,1,1.62
2019-02-07,2,1.62
2019-02-08,4,1.63
2019-02-12,5,1.63
2019-02-13,5,1.63
2019-02-14,1,1.64
2019-02-16,1,1.64
2019-02-18,12,1.66
2019-02-19,16,1.71
2019-02-20,9,1.72
2019-02-21,24,1.7
2019-02-22,32,1.61
2019-02-23,10,1.61
2019-02-24,14,1.61
2019-02-25,13,1.6
2019-02-26,5,1.59
2019-02-27,18,1.56
2019-02-28,39,1.51
2019-03-01,14,1.55
2019-03-02,3,1.55
2019-03-03,1,1.55
2019-03-04,10,1.53
2019-03-05,8,1.53
2019-03-06,11,1.53
2019-03-07,14,1.53
2019-03-08,10,1.53
2019-03-09,10,1.53
2019-03-10,5,1.53
2019-03-11,67,1.48
2019-03-12,22,1.49
2019-03-13,67,1.44
2019-03-14,31,1.47
2019-03-15,51,1.52
2019-03-16,9,1.52
2019-03-17,6,1.52
2019-03-18,12,1.51
2019-03-19,10,1.5
2019-03-20,17,1.53
2019-03-21,46,1.49
2019-03-22,55,1.48
2019-03-23,4,1.48
2019-03-24,2,1.48
2019-03-25,7,1.49
2019-03-26,4,1.5
2019-03-27,7,1.5
2019-03-28,11,1.5
2019-03-29,18,1.54
2019-03-31,2,1.54
2019-04-01,4,1.54
2019-04-02,4,1.55
2019-04-03,2,1.56
2019-04-04,2,1.55
2019-04-05,2,1.53
2019-04-06,1,1.53
2019-04-07,1,1.53
2019-04-08,2,1.53
2019-04-09,2,1.53
2019-04-10,1,1.52
2019-04-11,2,1.52
2019-04-12,7,1.52
2019-04-14,1,1.52
2019-04-15,3,1.51
2019-04-17,3,1.52
2019-04-18,8,1.49
2019-04-19,9,1.51
2019-04-20,2,1.51
2019-04-22,5,1.52
2019-04-23,11,1.59
2019-04-24,8,1.6
2019-04-25,1,1.61
2019-04-29,2,1.61
2019-04-30,1,1.62
2019-05-01,1,1.62
2019-05-02,1,1.61
2019-05-03,2,1.61
2019-05-04,1,1.61
2019-05-06,5,1.6
2019-05-07,3,1.6
2019-05-08,2,1.6
2019-05-09,5,1.59
2019-05-12,2,1.58
2019-05-13,2,1.56
2019-05-14,5,1.59
2019-05-15,10,1.66
2019-05-16,1,1.63
2019-05-17,3,1.65
2019-05-18,2,1.65
2019-05-19,1,1.65
2019-05-20,1,1.65
2019-05-21,8,1.68
2019-05-22,5,1.68
2019-05-23,4,1.69
2019-05-24,2,1.67
2019-05-28,2,1.69
2019-05-29,4,1.69
2019-05-30,4,1.67
2019-06-05,1,1.67
2019-06-06,1,1.67
2019-06-07,5,1.69
2019-06-10,6,1.69
2019-06-11,2,1.69
2019-06-12,2,1.68
2019-06-13,6,1.68
2019-06-14,5,1.67
2019-06-15,3,1.67
2019-06-17,6,1.67
2019-06-18,49,1.62
2019-06-19,15,1.63
2019-06-20,1,1.64
2019-06-21,6,1.67
2019-06-22,2,1.67
2019-06-24,3,1.66
2019-06-25,1,1.65
2019-06-26,4,1.66
2019-06-27,1,1.64
2019-06-29,1,1.64
2019-06-30,1,1.64
2019-07-02,7,1.6
2019-07-03,6,1.63
2019-07-04,2,1.62
2019-07-07,1,1.61
2019-07-08,5,1.6
2019-07-09,7,1.6
2019-07-10,4,1.6
2019-07-11,2,1.58
2019-07-12,1,1.58
2019-07-13,3,1.58
2019-07-14,1,1.58
2019-07-15,7,1.56
2019-07-16,10,1.55
2019-07-17,9,1.53
2019-07-18,11,1.55
2019-07-19,1,1.55
2019-07-22,2,1.55
2019-07-23,2,1.55
2019-07-24,4,1.55
2019-07-25,1,1.54
2019-07-27,1,1.54
2019-07-31,8,1.51
2019-08-01,5,1.52
2019-08-02,1,1.52
2019-08-04,2,1.52
2019-08-05,3,1.51
2019-08-06,11,1.53
2019-08-15,3,1.5
2019-08-18,1,1.49
2019-08-23,2,1.58
2019-08-26,1,1.55
2019-08-27,2,1.56
2019-08-28,1,1.55
2019-09-03,1,1.57
2019-09-04,1,1.56
2019-09-05,3,1.57
2019-09-07,1,1.57
2019-09-12,1,1.6
2019-09-14,1,1.6
2019-09-15,1,1.6
2019-09-16,1,1.6
2019-09-17,1,1.6
2019-09-20,2,1.58
2019-09-23,6,1.58
2019-09-24,1,1.58
2019-09-26,6,1.57
2019-09-27,9,1.52
2019-09-28,4,1.52
2019-09-30,11,1.48
2019-10-02,26,1.5
2019-10-03,1,1.49
2019-10-04,2,1.49
2019-10-05,2,1.49
2019-10-06,1,1.49
2019-10-07,2,1.5
2019-10-08,1,1.49
2019-10-09,14,1.46
2019-10-10,18,1.44
2019-10-11,8,1.43
2019-10-12,4,1.43
2019-10-13,1,1.43
2019-10-14,5,1.42
2019-10-15,23,1.42
2019-10-16,7,1.43
2019-10-17,5,1.45
2019-10-18,1,1.44
2019-10-19,1,1.44
2019-10-20,1,1.44
2019-10-21,1,1.45
2019-10-23,1,1.46
2019-10-24,2,1.46
2019-10-25,1,1.45
2019-11-04,6,1.51
2019-11-05,3,1.5
2019-11-06,10,1.46
2019-11-07,5,1.47
2019-11-08,5,1.45
2019-11-11,3,1.47
2019-11-12,1,1.47
2019-11-13,6,1.48
2019-11-14,1,1.5
2019-11-19,5,1.53
2019-11-20,4,1.53
2019-11-25,2,1.53
2019-11-27,3,1.54
2019-11-28,1,1.53
2019-11-29,2,1.5
2019-12-02,2,1.5
2019-12-03,1,1.47
2019-12-06,3,1.47
2019-12-11,2,1.48
2019-12-13,1,1.46
2019-12-17,14,1.55
2019-12-18,14,1.6
2019-12-19,5,1.6
2019-12-20,2,1.6
2019-12-21,1,1.6
2019-12-23,1,1.59
2019-12-26,1,1.58
2019-12-27,2,1.59
2019-12-30,1,1.58
2020-01-01,1,1.57
2020-01-02,3,1.55
2020-01-03,1,1.56
2020-01-08,4,1.54
2020-01-09,2,1.53
2020-01-10,1,1.54
2020-01-15,8,1.6
2020-01-16,2,1.57
2020-01-20,1,1.61
2020-01-21,13,1.7
2020-01-22,10,1.81
2020-01-23,11,1.79
2020-01-24,15,1.85
2020-01-25,5,1.85
2020-01-26,6,1.85
2020-01-27,5,1.85
2020-01-28,66,2.0
2020-01-29,51,1.95
2020-01-30,31,1.96
2020-01-31,18,1.95
2020-02-01,6,1.95
2020-02-02,6,1.95
2020-02-03,7,1.93
2020-02-04,9,1.9
2020-02-05,15,1.88
2020-02-06,7,1.87
2020-02-07,4,1.89
2020-02-08,2,1.89
2020-02-09,2,1.89
2020-02-10,1,1.91
2020-02-11,1,1.91
2020-02-12,4,1.95
2020-02-13,2,1.95
2020-02-15,4,1.95
2020-02-16,3,1.95
2020-02-17,9,1.89
2020-02-18,12,1.88
2020-02-19,44,1.81
2020-02-20,39,1.77
2020-02-21,40,1.76
2020-02-22,17,1.76
2020-02-23,8,1.76
2020-02-24,37,1.81
2020-02-25,13,1.87
2020-02-26,12,1.89
2020-02-27,10,1.9
2020-02-28,7,1.88
2020-02-29,2,1.88
2020-03-01,3,1.88
2020-03-02,8,1.87
2020-03-03,15,1.9
2020-03-04,10,1.9
2020-03-05,10,1.91
2020-03-06,59,2.0
2020-03-07,7,2.0
2020-03-08,4,2.0
2020-03-09,30,2.04
2020-03-10,9,2.03
2020-03-11,9,2.09
2020-03-12,46,2.17
2020-03-13,23,2.08
2020-03-14,10,2.08
2020-03-15,4,2.08
2020-03-16,23,1.96
2020-03-17,20,1.95
2020-03-18,41,1.92
2020-03-19,96,1.95
2020-03-20,16,2.09
2020-03-21,8,2.09
2020-03-22,4,2.09
2020-03-23,15,2.04
2020-03-24,10,2.04
2020-03-25,10,2.07
2020-03-26,16,2.07
2020-03-27,19,2.11
2020-03-28,9,2.11
2020-03-29,8,2.11
2020-03-30,22,2.13
2020-03-31,28,2.15
2020-04-01,10,2.13
2020-04-02,9,2.13
2020-04-03,5,2.13
2020-04-04,2,2.13
2020-04-06,9,2.14
2020-04-07,15,2.16
2020-04-08,10,2.14
2020-04-09,6,2.16
2020-04-10,12,2.17
2020-04-11,1,2.17
2020-04-13,17,2.22
2020-04-14,4,2.23
2020-04-15,12,2.25
2020-04-16,12,2.24
2020-04-17,4,2.27
2020-04-18,6,2.27
2020-04-19,1,2.27
2020-04-20,1,2.25
2020-04-21,7,2.17
2020-04-22,7,2.28
2020-04-23,3,2.3
2020-04-24,14,2.39
2020-04-25,3,2.39
2020-04-26,10,2.39
2020-04-27,13,2.4
2020-04-28,6,2.41
2020-04-29,4,2.42
2020-04-30,6,2.42
2020-05-01,6,2.42
2020-05-02,17,2.42
2020-05-03,21,2.42
2020-05-04,5,2.4
2020-05-05,5,2.4
2020-05-06,10,2.36
2020-05-07,1,2.36
2020-05-08,13,2.44
2020-05-09,4,2.44
2020-05-10,1,2.44
2020-05-11,5,2.44
2020-05-12,59,2.66
2020-05-13,50,3.1
2020-05-14,94,3.43
2020-05-15,82,3.46
2020-05-16,17,3.46
2020-05-17,26,3.46
2020-05-18,44,3.5
2020-05-19,40,3.49
2020-05-20,28,3.6
2020-05-21,64,3.89
2020-05-22,35,3.94
2020-05-23,27,3.94
2020-05-24,34,3.94
2020-05-25,31,3.94
2020-05-26,89,3.94
2020-05-27,108,4.29
2020-05-28,123,4.37
2020-05-29,101,4.43
2020-05-30,41,4.43
2020-05-31,65,4.43
2020-06-01,306,5.18
2020-06-02,298,4.93
2020-06-03,452,4.9
2020-06-04,335,5.15
2020-06-05,234,5.46
2020-06-06,73,5.46
2020-06-07,150,5.46
2020-06-08,241,5.46
2020-06-09,304,5.67
2020-06-10,504,5.69
2020-06-11,1417,5.57
2020-06-12,542,5.63
2020-06-13,75,5.63
2020-06-14,197,5.63
2020-06-15,534,5.07
2020-06-16,214,5.32
2020-06-17,284,5.23
2020-06-18,488,4.9
2020-06-19,248,5.13
2020-06-20,64,5.13
2020-06-21,46,5.13
2020-06-22,195,5.2
2020-06-23,123,5.21
2020-06-24,74,5.2
2020-06-25,109,5.17
2020-06-26,249,4.97
2020-06-27,52,4.97
2020-06-28,23,4.97
2020-06-29,124,5.23
2020-06-30,113,5.37
2020-07-01,127,5.71
2020-07-02,105,5.83
2020-07-03,217,6.15
2020-07-04,36,6.15
2020-07-05,44,6.15
2020-07-06,298,6.65
2020-07-07,218,6.82
2020-07-08,95,6.85
2020-07-09,101,7.06
2020-07-10,122,7.31
2020-07-11,48,7.31
2020-07-12,69,7.31
2020-07-13,308,8.0
2020-07-14,324,7.72
2020-07-15,429,7.27
2020-07-16,1586,6.57
2020-07-17,870,7.66
2020-07-18,78,7.66
2020-07-19,124,7.66
2020-07-20,463,8.27
2020-07-21,463,8.31
2020-07-22,347,8.23
2020-07-23,374,8.71
2020-07-24,289,8.48
2020-07-25,144,8.48
2020-07-26,87,8.48
2020-07-27,173,8.63
2020-07-28,214,8.8
2020-07-29,422,8.71
2020-07-30,296,8.63
2020-07-31,95,8.63
2020-08-01,94,8.63
2020-08-02,82,8.63
2020-08-03,209,8.96
2020-08-04,378,9.45
2020-08-05,231,9.31
2020-08-06,207,9.47
2020-08-07,174,9.38
2020-08-08,67,28.14
2020-08-09,42,28.14
2020-08-10,329,9.07
2020-08-11,198,9.1
2020-08-12,641,8.17
2020-08-13,501,8.33
2020-08-14,549,7.94
2020-08-15,198,7.94
2020-08-16,258,7.94
2020-08-17,475,7.47
2020-08-18,474,8.69
2020-08-19,343,9.05
2020-08-20,103,9.05
2020-08-21,310,9.33
2020-08-22,121,9.33
2020-08-23,179,9.33
2020-08-24,218,9.3
2020-08-25,440,8.47
2020-08-26,333,8.78
2020-08-27,200,8.8
2020-08-28,179,8.76
2020-08-29,88,8.76
2020-08-30,70,8.76
2020-08-31,103,8.76
2020-09-01,118,8.83
2020-09-02,199,8.69
2020-09-03,672,8.37
2020-09-04,355,8.38
2020-09-05,179,8.38
2020-09-06,110,8.38
2020-09-07,205,8.28
2020-09-08,525,7.64
2020-09-09,739,7.15
2020-09-10,1028,6.45
2020-09-11,1733,7.76
2020-09-12,322,7.76
2020-09-13,338,7.76
2020-09-14,963,8.58
2020-09-15,779,8.43
2020-09-16,577,8.43
2020-09-17,2401,7.79
2020-09-18,896,7.98
2020-09-19,406,7.98
2020-09-20,331,7.98
2020-09-21,724,8.0
2020-09-22,868,8.03
2020-09-23,587,8.02
2020-09-24,743,8.55
2020-09-25,587,8.8
2020-09-26,141,8.8
2020-09-27,123,8.8
2020-09-28,394,8.77
2020-09-29,444,8.47
2020-09-30,318,8.3
2020-10-01,220,8.43
2020-10-02,427,8.76
2020-10-03,44,8.76
2020-10-04,119,8.76
2020-10-05,364,8.92
2020-10-06,364,8.64
2020-10-07,262,8.8
2020-10-08,142,8.8
2020-10-09,169,8.81
2020-10-10,27,8.81
2020-10-11,56,8.81
2020-10-12,302,8.97
2020-10-13,213,9.09
2020-10-14,318,9.48
2020-10-15,183,9.34
2020-10-16,175,9.34
2020-10-17,78,9.34
2020-10-18,80,9.34
2020-10-19,248,9.6
2020-10-20,121,9.48
2020-10-21,420,8.88
2020-10-22,300,8.9
2020-10-23,184,8.7
2020-10-24,131,8.7
2020-10-25,125,8.7
2020-10-26,224,8.7
2020-10-27,163,8.91
2020-10-28,177,8.78
2020-10-29,73,8.78
2020-10-30,118,8.57
2020-10-31,37,8.57
2020-11-01,54,8.57
2020-11-02,248,8.39
2020-11-03,167,8.32
2020-11-04,241,8.1
2020-11-05,259,8.3
2020-11-06,282,8.5
2020-11-07,65,8.5
2020-11-08,66,8.5
2020-11-09,249,8.48
2020-11-10,508,7.8
2020-11-11,354,7.86
2020-11-12,374,7.7
2020-11-13,302,7.78
2020-11-14,104,7.78
2020-11-15,174,7.78
2020-11-16,590,7.2
2020-11-17,664,7.0
2020-11-18,586,7.01
2020-11-19,370,6.94
2020-11-20,352,7.29
2020-11-21,130,7.29
2020-11-22,167,7.29
2020-11-23,620,7.35
2020-11-24,636,6.8
2020-11-25,564,6.65
2020-11-26,379,7.05
2020-11-27,339,6.99
2020-11-28,146,6.99
2020-11-29,98,6.99
2020-11-30,177,7.12
2020-12-01,498,6.79
2020-12-02,311,6.68
2020-12-03,259,6.78
2020-12-04,231,6.65
2020-12-05,97,6.65
2020-12-06,96,6.65
2020-12-07,260,6.6
2020-12-08,453,7.09
2020-12-09,1324,6.84
2020-12-10,407,6.99
2020-12-11,355,6.9
2020-12-12,483,6.9
2020-12-13,722,6.9
2020-12-14,1035,6.3
2020-12-15,517,6.41
2020-12-16,478,6.77
2020-12-17,281,6.7
2020-12-18,274,6.64
2020-12-19,116,6.64
2020-12-20,169,6.64
2020-12-21,283,6.62
2020-12-22,205,6.69
2020-12-23,221,6.73
2020-12-24,217,6.49
2020-12-25,91,6.49
2020-12-26,102,6.49
2020-12-27,214,6.49
2020-12-28,500,6.26
2020-12-29,669,6.01
2020-12-30,585,6.12
2020-12-31,392,6.12
2021-01-01,132,6.12
2021-01-02,130,6.12
2021-01-03,118,6.12
2021-01-04,970,5.5
2021-01-05,372,5.72
2021-01-06,398,5.76
2021-01-07,464,5.8
2021-01-08,827,6.5
2021-01-09,237,6.5
2021-01-10,194,6.5
2021-01-11,708,6.43
2021-01-12,576,6.68
2021-01-13,479,6.63
2021-01-14,567,6.37
2021-01-15,358,6.42
2021-01-16,266,6.42
2021-01-17,352,6.42
2021-01-18,460,6.34
2021-01-19,395,6.13
2021-01-20,314,6.14
2021-01-21,458,6.02
2021-01-22,471,6.25
2021-01-23,118,6.25
2021-01-24,210,6.25
2021-01-25,494,6.52
2021-01-26,454,6.2
2021-01-27,346,6.21
2021-01-28,624,6.21
2021-01-29,1259,6.74
2021-01-30,560,6.74
2021-01-31,427,6.74
2021-02-01,364,6.74
2021-02-02,571,7.05
2021-02-03,239,6.92
